{"cameraMode":{"drawMode":0,"name":"Shaded","section":"Shading Mode"},"sceneLighting":true,"audioPlay":false,"sceneViewState":{"m_AlwaysRefresh":false,"showFog":true,"showSkybox":true,"showFlares":true,"showImageEffects":true,"showParticleSystems":true,"showVisualEffectGraphs":true,"m_FxEnabled":true},"in2DMode":false,"pivot":{"x":4.1706953048706059,"y":2.4848287105560304,"z":-1.3046607971191407},"rotation":{"x":0.0983283594250679,"y":-0.6245089173316956,"z":0.07967711985111237,"w":0.7706972360610962},"size":19.685895919799806,"orthographic":false}